,total_surface_area_A_prime,total_salience_contribution,total_curvature_contribution,mean_step_salience,mean_step_curvature
total_surface_area_A_prime,1.0,0.9999999980633721,0.9968812284127737,-0.8844759019063423,0.6158836139161827
total_salience_contribution,0.9999999980633721,1.0,0.9968763150742739,-0.8844600243438396,0.6158570581639609
total_curvature_contribution,0.9968812284127737,0.9968763150742739,1.0,-0.901848489654132,0.647634812553685
mean_step_salience,-0.8844759019063423,-0.8844600243438396,-0.901848489654132,1.0,-0.6792181966798724
mean_step_curvature,0.6158836139161827,0.6158570581639609,0.647634812553685,-0.6792181966798724,1.0
