group,n,mean,std,median,min,max,sem,ci_lower,ci_upper,ci_width
low,21,1418.1915426244202,274.76724117132835,1367.8319525246684,1169.6789523555933,2056.668638619801,59.95912767437138,1306.4372203369085,1546.3215169994191,239.88429666251068
high,9,2489.908053218947,646.7565273224454,2352.2954389691363,1564.7242424747571,3417.3780501962333,215.5855091074818,2109.5548403895787,2865.2034975168795,755.6486571273008
medium,4,3056.2229795026146,1290.1856798752044,3198.5548697718223,1356.1966491852104,4471.585529281603,645.0928399376022,1860.0441012267438,4110.069967509277,2250.0258662825336
