group,n,total_surface_area,salience_contribution,curvature_contribution,salience_proportion,curvature_proportion,mean_salience,mean_curvature
κ=0.000,21,118503.75846849877,118502.68392764845,1.0745408502767955,0.9999909324323194,9.067567680247333e-06,654.4179638980518,0.005941439978283828
κ=0.300,21,120434.9233370461,120433.71858921423,1.2047478318840723,0.9999899966903413,1.0003309658881052e-05,600.6769254604271,0.006031159599867247
