gamma_value,comparison,metric,n_pairs,before_mean,after_mean,mean_difference,effect_size_cohens_d,t_statistic,p_value
1.0,κ=0.000 vs κ=0.300,total_surface_area_A_prime,21,118503.75846849877,120434.9233370461,1931.1648685473338,0.053604953107125576,-0.1368759711045432,0.8924973369682496
1.0,κ=0.000 vs κ=0.300,normalized_surface_area,21,654.42390533803,600.6829566200272,-53.740948718002755,-4.504505225218594,17.40293822417728,1.5090962463725282e-13
