,total_surface_area_A_prime,total_salience_contribution,total_curvature_contribution,mean_step_salience,mean_step_curvature
total_surface_area_A_prime,1.0,0.9999999999997038,0.9983968314822422,0.055801311955725554,-0.23807873521273756
total_salience_contribution,0.9999999999997038,1.0,0.9983967879307069,0.055801896812260894,-0.23807930490331936
total_curvature_contribution,0.9983968314822422,0.9983967879307069,1.0,0.012687956126542266,-0.1957888094792889
mean_step_salience,0.055801311955725554,0.055801896812260894,0.012687956126542266,1.0,-0.358159888561599
mean_step_curvature,-0.23807873521273756,-0.23807930490331936,-0.1957888094792889,-0.358159888561599,1.0
