group,n,mean,std,median,min,max,sem,ci_lower,ci_upper,ci_width
low,52,8769.206152579247,4581.078241440643,7655.7314907219925,4775.618827077748,28052.18330980482,635.2812498625631,7616.398657078909,10060.111347109469,2443.7126900305593
medium,7,17471.083057300435,7115.463012191205,17375.40738719022,9671.628366280496,31667.99103801428,2689.392227619497,13355.90090659923,22657.781909494282,9301.881002895052
high,1,11410.700838408333,,11410.700838408333,11410.700838408333,11410.700838408333,,,,
