group,n,total_surface_area,salience_contribution,curvature_contribution,salience_proportion,curvature_proportion,mean_salience,mean_curvature
κ=0.000,3,405763.5462104816,405760.4247844512,3.1214260304291415,0.9999923072783162,7.69272168380046e-06,688.7902366915213,0.005550173079852168
κ=0.900,3,383409.364845782,383405.9496476785,3.415198103449073,0.9999910925542863,8.90744571359847e-06,638.023081748769,0.005998038703088667
