gamma_value,comparison,metric,n_pairs,before_mean,after_mean,mean_difference,effect_size_cohens_d,t_statistic,p_value
1.0,κ=0.000 vs κ=0.900,total_surface_area_A_prime,3,405763.5462104816,383409.364845782,-22354.181364699616,-0.09140407390465508,0.0837207326753377,0.9409039650372392
1.0,κ=0.000 vs κ=0.900,normalized_surface_area,3,688.7957868646012,638.029079787472,-50.766707077129126,-0.8768815460888365,0.9069698145866594,0.46015559152324237
