group,n,total_surface_area,salience_contribution,curvature_contribution,salience_proportion,curvature_proportion,mean_salience,mean_curvature
κ=0.000,11,178745.68219335948,178744.02743491108,1.6547584484037985,0.999990742386456,9.257613543994596e-06,655.7481740186341,0.006032799925757481
κ=0.600,50,169590.0023135563,169588.26436565534,1.7379479009688554,0.9999897520615765,1.0247938423607954e-05,599.1664462760331,0.006243751799220738
