gamma_value,comparison,metric,n_pairs,before_mean,after_mean,mean_difference,effect_size_cohens_d,t_statistic,p_value
1.0,κ=0.000 vs κ=0.600,total_surface_area_A_prime,11,178745.68219335948,214905.25664575343,36159.57445239395,0.36965625146156195,-0.4536217550193479,0.6597860864327268
1.0,κ=0.000 vs κ=0.600,normalized_surface_area,11,655.7542068185599,600.6525570018467,-55.10164981671312,-3.383336328599525,8.48903979531486,6.976751578212302e-06
