group,n,total_surface_area,salience_contribution,curvature_contribution,salience_proportion,curvature_proportion,mean_salience,mean_curvature
κ=0.000,23,116727.46427253204,116726.39632512788,1.0679474041490844,0.9999908509328903,9.149067109482225e-06,652.1173191650583,0.005975295560582122
κ=0.900,23,89448.37434369237,89447.42901101826,0.9453326741052601,0.9999894315276153,1.0568472384673608e-05,589.805571147961,0.006229237035248234
