gamma_value,comparison,metric,n_pairs,before_mean,after_mean,mean_difference,effect_size_cohens_d,t_statistic,p_value
1.0,κ=0.000 vs κ=0.900,total_surface_area_A_prime,23,116727.46427253204,89448.37434369237,-27279.089928839676,-0.6375205054435799,2.3256904907173412,0.029649839388428627
1.0,κ=0.000 vs κ=0.900,normalized_surface_area,23,652.1232944606188,589.8118003849962,-62.31149407562259,-3.702380627671197,13.834673707034593,2.4712415181994363e-12
