group,n,total_surface_area,salience_contribution,curvature_contribution,salience_proportion,curvature_proportion,mean_salience,mean_curvature
κ=0.000,11,178745.68219335948,178744.02743491108,1.6547584484037985,0.999990742386456,9.257613543994596e-06,655.7481740186341,0.006032799925757481
κ=0.075,50,185566.4937037965,185564.71127771345,1.7824260830724479,0.9999903946771452,9.605322854876906e-06,630.2998484071378,0.00614961608694967
