gamma_value,comparison,metric,n_pairs,before_mean,after_mean,mean_difference,effect_size_cohens_d,t_statistic,p_value
1.0,κ=0.000 vs κ=0.075,total_surface_area_A_prime,11,178745.68219335948,199103.7062613562,20358.02406799671,0.20811834702445445,-0.38467058191491865,0.7085356095491268
1.0,κ=0.000 vs κ=0.075,normalized_surface_area,11,655.7542068185599,625.6382451524123,-30.11596166614754,-1.8491719851350479,4.046041426479137,0.0023384035688356333
