group,n,total_surface_area,salience_contribution,curvature_contribution,salience_proportion,curvature_proportion,mean_salience,mean_curvature
κ=0.300,1,42800.25002804123,42799.80442629762,0.4456017436096441,0.9999895888051281,1.0411194871938865e-05,611.4257775185374,0.0063657391944234
