group,n,total_surface_area,salience_contribution,curvature_contribution,salience_proportion,curvature_proportion,mean_salience,mean_curvature
κ=0.000,11,178745.68219335948,178744.02743491108,1.6547584484037985,0.999990742386456,9.257613543994596e-06,655.7481740186341,0.006032799925757481
κ=0.150,50,198214.1401085963,198212.24146696858,1.8986416276802731,0.9999904212604274,9.578739572464697e-06,624.9972823609368,0.006123550269349203
