gamma_value,comparison,metric,n_pairs,before_mean,after_mean,mean_difference,effect_size_cohens_d,t_statistic,p_value
1.0,κ=0.000 vs κ=0.150,total_surface_area_A_prime,11,178745.68219335948,157217.88871843094,-21527.793474928534,-0.22007680009226163,0.4214916738879183,0.6823128038031997
1.0,κ=0.000 vs κ=0.150,normalized_surface_area,11,655.7542068185599,624.2553819168862,-31.49882490167363,-1.9340821727211368,4.342320863629743,0.001461049414198193
