group,n,total_surface_area,salience_contribution,curvature_contribution,salience_proportion,curvature_proportion,mean_salience,mean_curvature
κ=0.000,19,125826.03203259555,125824.86744567928,1.164586916270992,0.9999907444675997,9.25553240023736e-06,649.9751651495368,0.005975884693597163
κ=0.300,19,113572.11565349935,113570.9751418945,1.1405116048379689,0.999989957820207,1.0042179792772292e-05,605.3363690075065,0.006064788692181726
