gamma_value,comparison,metric,n_pairs,before_mean,after_mean,mean_difference,effect_size_cohens_d,t_statistic,p_value
1.0,κ=0.000 vs κ=0.300,total_surface_area_A_prime,19,125826.03203259555,113572.11565349935,-12253.916379096205,-0.23841924058638753,0.9579656368728356,0.35077133128220994
1.0,κ=0.000 vs κ=0.300,normalized_surface_area,19,649.9811410342304,605.3424337961985,-44.638707238031884,-4.392684271538846,10.71477350864101,3.055180879280228e-09
