group,n,total_surface_area,salience_contribution,curvature_contribution,salience_proportion,curvature_proportion,mean_salience,mean_curvature
κ=0.000,14,144195.79845907856,144194.48271618248,1.315742896075367,0.9999908753035099,9.124696490021259e-06,661.3713409962493,0.006028117277045622
κ=0.150,14,124241.02820547599,124239.79050433484,1.2377011411632108,0.9999900379032673,9.962096732781696e-06,620.3431224400083,0.006134912026969234
