gamma_value,comparison,metric,n_pairs,before_mean,after_mean,mean_difference,effect_size_cohens_d,t_statistic,p_value
1.0,κ=0.000 vs κ=0.150,total_surface_area_A_prime,14,144195.79845907856,124241.02820547599,-19954.770253602575,-0.24497841917793092,0.8455477590862172,0.4130978154107684
1.0,κ=0.000 vs κ=0.150,normalized_surface_area,14,661.3773691135265,620.3492573520352,-41.02811176149123,-3.4006993774935226,7.73413062131662,3.2310947735621748e-06
