group,n,total_surface_area,salience_contribution,curvature_contribution,salience_proportion,curvature_proportion,mean_salience,mean_curvature
κ=0.000,24,126116.1809550287,126115.03127011338,1.149684915301434,0.9999908839222167,9.116077783162461e-06,654.1953415306621,0.005979375117696158
κ=0.600,24,179538.6272176404,179536.81498943517,1.8122282051889549,0.9999899061932614,1.0093806738268834e-05,591.9370812693614,0.006122917836336588
