gamma_value,comparison,metric,n_pairs,before_mean,after_mean,mean_difference,effect_size_cohens_d,t_statistic,p_value
1.0,κ=0.000 vs κ=0.600,total_surface_area_A_prime,24,126116.1809550287,179538.6272176404,53422.4462626117,1.2257004580315907,-1.5203642806695146,0.14204874177043209
1.0,κ=0.000 vs κ=0.600,normalized_surface_area,24,654.2013209057797,591.9432041871978,-62.258116718581846,-5.068076297765707,13.563256142779286,1.848930873969954e-12
