group,n,total_surface_area,salience_contribution,curvature_contribution,salience_proportion,curvature_proportion,mean_salience,mean_curvature
κ=0.000,15,133135.77180523868,133134.52500205016,1.2468031885148179,0.9999906351000064,9.364899993509919e-06,647.9727866236615,0.00601627779482654
κ=0.900,15,102356.47656276418,102355.39600329123,1.08055947293627,0.9999894431743918,1.055682560813511e-05,588.9197760869746,0.006200249932010893
