gamma_value,comparison,metric,n_pairs,before_mean,after_mean,mean_difference,effect_size_cohens_d,t_statistic,p_value
1.0,κ=0.000 vs κ=0.900,total_surface_area_A_prime,15,133135.77180523868,102356.47656276418,-30779.2952424745,-0.4960045583817771,1.7434866286028434,0.10315669070964753
1.0,κ=0.000 vs κ=0.900,normalized_surface_area,15,647.9788029014562,588.9259763369067,-59.05282656454949,-6.187395030463482,18.871923507711937,2.3588183486157088e-11
