group,n,total_surface_area,salience_contribution,curvature_contribution,salience_proportion,curvature_proportion,mean_salience,mean_curvature
κ=0.000,4,132997.61732159083,132996.3900401199,1.227281470916643,0.9999907721544518,9.227845548157848e-06,665.51406000254,0.00607411207885685
κ=0.900,4,160036.47153856585,160034.77973216304,1.6918064027973316,0.9999894286196981,1.0571380301830994e-05,616.3889161503304,0.0064927525468529744
