gamma_value,comparison,metric,n_pairs,before_mean,after_mean,mean_difference,effect_size_cohens_d,t_statistic,p_value
1.0,κ=0.000 vs κ=0.900,total_surface_area_A_prime,4,132997.61732159083,160036.47153856585,27038.854216975014,0.5194985633897102,-0.7149520093041644,0.5262541794811572
1.0,κ=0.000 vs κ=0.900,normalized_surface_area,4,665.5201341146188,616.3954089028772,-49.124725211741634,-2.125907346147051,3.9126202483653216,0.02967054164186805
