,total_surface_area_A_prime,total_salience_contribution,total_curvature_contribution,mean_step_salience,mean_step_curvature
total_surface_area_A_prime,1.0,0.9999999978377806,0.9965175857575843,-0.8237029693076962,0.18805555516779135
total_salience_contribution,0.9999999978377806,1.0,0.9965121003069058,-0.8236945366883817,0.18803376127426774
total_curvature_contribution,0.9965175857575843,0.9965121003069058,1.0,-0.8315246158145239,0.21503434007464883
mean_step_salience,-0.8237029693076962,-0.8236945366883817,-0.8315246158145239,1.0,-0.1573408476926199
mean_step_curvature,0.18805555516779135,0.18803376127426774,0.21503434007464883,-0.1573408476926199,1.0
