group,n,mean,std,median,min,max,sem,ci_lower,ci_upper,ci_width
low,40,1275.7932282948125,273.7034869976815,1178.878956095808,1061.273635734738,2222.7272322342033,43.276321122147735,1197.5419914633742,1368.5759841410018,171.03399267762757
medium,5,2971.174358064306,1905.8393773650637,2102.1548097286213,1914.742062153102,6350.986473135053,852.3172803968313,1964.95020913644,4701.985844176219,2737.0356350397788
high,2,2395.581941282808,580.9017417326016,2395.581941282808,1984.8223805006091,2806.3415020650073,410.75956078219906,,,
