group,n,total_surface_area,salience_contribution,curvature_contribution,salience_proportion,curvature_proportion,mean_salience,mean_curvature
κ=0.000,18,105440.22022407205,105439.22912615282,0.9910979192319185,0.9999906003807928,9.399619207222126e-06,647.3627571592283,0.006083934495363328
κ=0.600,18,112393.22753063677,112392.02679536749,1.2007352692741806,0.9999893166581684,1.068334183166755e-05,582.9100406839137,0.006212762870801729
