gamma_value,comparison,metric,n_pairs,before_mean,after_mean,mean_difference,effect_size_cohens_d,t_statistic,p_value
1.0,κ=0.000 vs κ=0.600,total_surface_area_A_prime,18,105440.22022407205,112393.22753063677,6953.007306564716,0.24921052105383057,-0.6539822180916831,0.5218724555309704
1.0,κ=0.000 vs κ=0.600,normalized_surface_area,18,647.3688410937234,582.9162534467846,-64.45258764693881,-7.296936070274399,21.880356834437098,6.85778408436975e-14
