group,n,total_surface_area,salience_contribution,curvature_contribution,salience_proportion,curvature_proportion,mean_salience,mean_curvature
κ=0.000,42,113211.5506069589,113210.64799213345,0.9026148254523731,0.9999920271843235,7.972815676608983e-06,709.5084094218082,0.005711599272459055
κ=0.075,42,141024.44326852766,141023.28951481936,1.153753708289569,0.9999918187678565,8.181232143513461e-06,688.1171090743743,0.005788091333606453
