gamma_value,comparison,metric,n_pairs,before_mean,after_mean,mean_difference,effect_size_cohens_d,t_statistic,p_value
1.0,κ=0.000 vs κ=0.075,total_surface_area_A_prime,42,113211.5506069589,141024.44326852766,27812.892661568752,0.2509081824920869,-1.0276413316295332,0.3101433421723617
1.0,κ=0.000 vs κ=0.075,normalized_surface_area,42,709.5141210210807,688.1228971657079,-21.3912238553728,-0.8276826379009551,3.4757592554679326,0.0012182226363965532
