group,n,total_surface_area,salience_contribution,curvature_contribution,salience_proportion,curvature_proportion,mean_salience,mean_curvature
κ=0.000,45,115811.93979598137,115811.01385736984,0.9259386115099918,0.999992004808717,7.99519128287774e-06,707.8840682691305,0.005712623198280441
κ=0.600,45,118500.84534917246,118499.72975959412,1.1155895783087206,0.9999905858091134,9.414190886331185e-06,644.3791111530779,0.005935913932542273
