gamma_value,comparison,metric,n_pairs,before_mean,after_mean,mean_difference,effect_size_cohens_d,t_statistic,p_value
1.0,κ=0.000 vs κ=0.600,total_surface_area_A_prime,45,115811.93979598137,118500.84534917246,2688.9055531911,0.025026920161982425,-0.13026219305361664,0.896952713892903
1.0,κ=0.000 vs κ=0.600,normalized_surface_area,45,707.8897808923286,644.3850470670106,-63.504733825318,-2.434945239360407,10.005101210116134,6.5768174002598e-13
