,total_surface_area_A_prime,total_salience_contribution,total_curvature_contribution,mean_step_salience,mean_step_curvature
total_surface_area_A_prime,1.0,0.9999999963155385,0.993244887958566,-0.7340645199705146,0.20129261358255096
total_salience_contribution,0.9999999963155385,1.0,0.9932349233981874,-0.7340218086218114,0.20124624556212548
total_curvature_contribution,0.993244887958566,0.9932349233981874,1.0,-0.7868370051788549,0.26260957192106715
mean_step_salience,-0.7340645199705146,-0.7340218086218114,-0.7868370051788549,1.0,-0.18854273699392438
mean_step_curvature,0.20129261358255096,0.20124624556212548,0.26260957192106715,-0.18854273699392438,1.0
