group,n,mean,std,median,min,max,sem,ci_lower,ci_upper,ci_width
low,29,1389.2611642551574,364.5796181599241,1188.5896823428368,1115.9233844419684,2629.2395332140404,67.70073548666755,1266.0918121650823,1531.2258056724297,265.13399350734744
medium,1,3212.5891984364093,,3212.5891984364093,3212.5891984364093,3212.5891984364093,,,,
high,1,2613.5316441996515,,2613.5316441996515,2613.5316441996515,2613.5316441996515,,,,
