group,n,total_surface_area,salience_contribution,curvature_contribution,salience_proportion,curvature_proportion,mean_salience,mean_curvature
κ=0.000,44,105888.94386760882,105888.09674842228,0.8471191865199728,0.9999919999278905,8.000072109313998e-06,707.1421868899496,0.005712707549993563
κ=0.150,44,141149.94130206408,141148.72668369746,1.2146183666275119,0.9999913948361904,8.605163809655442e-06,668.988782548411,0.005811767732260237
