gamma_value,comparison,metric,n_pairs,before_mean,after_mean,mean_difference,effect_size_cohens_d,t_statistic,p_value
1.0,κ=0.000 vs κ=0.150,total_surface_area_A_prime,44,105888.94386760882,141149.94130206408,35260.99743445526,0.34151659252457395,-1.2696597031620949,0.21103435825846503
1.0,κ=0.000 vs κ=0.150,normalized_surface_area,44,707.1478995974995,668.9945943161433,-38.15330528135621,-1.4374464196482202,7.662114727897958,1.4342759098583508e-09
