group,n,total_surface_area,salience_contribution,curvature_contribution,salience_proportion,curvature_proportion,mean_salience,mean_curvature
κ=0.000,12,127304.22303504258,127303.05550975881,1.1675252837848171,0.9999908288566087,9.171143391397445e-06,659.7438172953194,0.0060443173660124005
κ=0.600,12,160113.55578653052,160111.87724535912,1.6785411714008573,0.9999895165580257,1.048344197438693e-05,594.3088160333076,0.006221053660831783
