gamma_value,comparison,metric,n_pairs,before_mean,after_mean,mean_difference,effect_size_cohens_d,t_statistic,p_value
1.0,κ=0.000 vs κ=0.600,total_surface_area_A_prime,12,127304.22303504258,160113.55578653052,32809.332751487935,0.623462460001957,-1.32662251587832,0.2115157105533112
1.0,κ=0.000 vs κ=0.600,normalized_surface_area,12,659.7498616126855,594.3150370869685,-65.43482452571709,-5.426711229468778,18.411159064303295,1.2963674058459527e-09
