,total_surface_area_A_prime,total_salience_contribution,total_curvature_contribution,mean_step_salience,mean_step_curvature
total_surface_area_A_prime,1.0,0.9999999999996496,0.9982054239730881,-0.2967725863026714,-0.1955462381126518
total_salience_contribution,0.9999999999996496,1.0,0.9982053738222753,-0.29677198443351843,-0.19554667562703493
total_curvature_contribution,0.9982054239730881,0.9982053738222753,1.0,-0.33927572371207576,-0.16391151921928498
mean_step_salience,-0.2967725863026714,-0.29677198443351843,-0.33927572371207576,1.0,0.06939993458941972
mean_step_curvature,-0.1955462381126518,-0.19554667562703493,-0.16391151921928498,0.06939993458941972,1.0
