group,n,mean,std,median,min,max,sem,ci_lower,ci_upper,ci_width
low,50,10636.342931518988,4272.650983278309,10236.910947494267,4427.381321320084,23447.094547199973,604.2440967838924,9561.136731899536,11863.231298303142,2302.094566403606
high,2,9424.939861150066,4138.388881865214,9424.939861150066,6498.657019596158,12351.222702703972,2926.2828415539066,,,
