group,n,total_surface_area,salience_contribution,curvature_contribution,salience_proportion,curvature_proportion,mean_salience,mean_curvature
κ=0.000,20,121766.46716544311,121765.35672998708,1.1104354560449583,0.9999908806136707,9.119386329376039e-06,650.9028850254191,0.006035651698479565
κ=0.075,20,99324.37582584802,99323.40954451244,0.9662813355698117,0.9999902714582645,9.728541735455317e-06,628.8100843726126,0.0061062849313007804
