gamma_value,comparison,metric,n_pairs,before_mean,after_mean,mean_difference,effect_size_cohens_d,t_statistic,p_value
1.0,κ=0.000 vs κ=0.075,total_surface_area_A_prime,20,121766.46716544311,99324.37582584802,-22442.091339595092,-0.3859123359421424,1.269257541705122,0.21967736728354942
1.0,κ=0.000 vs κ=0.075,normalized_surface_area,20,650.9089206771177,628.816190657544,-22.092730019573764,-1.1642067514174452,5.208697844142527,4.99872409331102e-05
