group,n,total_surface_area,salience_contribution,curvature_contribution,salience_proportion,curvature_proportion,mean_salience,mean_curvature
κ=0.000,20,120539.88993732825,120538.77479141424,1.1151459140124427,0.9999907487395701,9.251260429989072e-06,652.0636513519803,0.005984360530118825
κ=0.150,20,119257.00732946675,119255.82094124614,1.186388220612032,0.9999900518363896,9.948163610499154e-06,610.9252667126096,0.006057516961784605
