gamma_value,comparison,metric,n_pairs,before_mean,after_mean,mean_difference,effect_size_cohens_d,t_statistic,p_value
1.0,κ=0.000 vs κ=0.150,total_surface_area_A_prime,20,120539.88993732825,119257.00732946675,-1282.8826078614948,-0.02486981456856277,0.09917140000896107,0.9220410427760575
1.0,κ=0.000 vs κ=0.150,normalized_surface_area,20,652.0696357125105,610.9313242295715,-41.138311482939,-4.197534535416418,14.331892255371661,1.2233547909035448e-11
