group,n,total_surface_area,salience_contribution,curvature_contribution,salience_proportion,curvature_proportion,mean_salience,mean_curvature
κ=0.000,6,414220.3197426577,414217.2120429405,3.1076997172032246,0.9999924974715891,7.502528410807906e-06,689.7702849150979,0.005541012736622
κ=0.075,6,113374.55373902828,113373.50968535547,1.0440536728235246,0.9999907911110705,9.208888929581007e-06,636.4487804574227,0.005855499530775167
