gamma_value,comparison,metric,n_pairs,before_mean,after_mean,mean_difference,effect_size_cohens_d,t_statistic,p_value
1.0,κ=0.000 vs κ=0.075,total_surface_area_A_prime,6,414220.3197426577,113374.55373902828,-300845.7660036294,-0.9179730412897082,2.3472856622437925,0.06578164483417531
1.0,κ=0.000 vs κ=0.075,normalized_surface_area,6,689.7758259278345,636.4546359569534,-53.32118997088105,-1.0123257507758476,2.2704100984457196,0.0724016340781996
