,total_surface_area_A_prime,total_salience_contribution,total_curvature_contribution,mean_step_salience,mean_step_curvature
total_surface_area_A_prime,1.0,0.9999999991306858,0.9986645466554662,-0.8592767414275084,0.4496506457923011
total_salience_contribution,0.9999999991306858,1.0,0.9986623915795262,-0.8592751327306307,0.4496339797128134
total_curvature_contribution,0.9986645466554662,0.9986623915795262,1.0,-0.8601215119909092,0.4696994091851228
mean_step_salience,-0.8592767414275084,-0.8592751327306307,-0.8601215119909092,1.0,-0.4923581346618465
mean_step_curvature,0.4496506457923011,0.4496339797128134,0.4696994091851228,-0.4923581346618465,1.0
