group,n,mean,std,median,min,max,sem,ci_lower,ci_upper,ci_width
low,33,1269.453789259931,217.32732553538895,1191.6463420853495,1152.5251417609345,2035.701945610516,37.831831404321385,1205.6479441552083,1345.0230282635644,139.37508410835608
high,4,2235.4460591927013,749.8678216743743,2168.8940412848315,1454.353429097904,3149.642725103238,374.93391083718717,1641.2617430164528,2829.63037536895,1188.3686323524971
medium,2,5298.784824058491,1641.982306558005,5298.784824058491,4137.728000502997,6459.841647613985,1161.0568235554938,,,
