group,n,total_surface_area,salience_contribution,curvature_contribution,salience_proportion,curvature_proportion,mean_salience,mean_curvature
κ=0.000,23,121532.87368082478,121531.76161386678,1.1120669579882967,0.9999908496612948,9.150338705137986e-06,651.2688442606692,0.005969520858745152
κ=0.150,23,142439.63955538496,142438.28065862236,1.3588967625906334,0.9999904598413276,9.540158672349435e-06,616.5492644688417,0.006020588626895279
