gamma_value,comparison,metric,n_pairs,before_mean,after_mean,mean_difference,effect_size_cohens_d,t_statistic,p_value
1.0,κ=0.000 vs κ=0.150,total_surface_area_A_prime,23,121532.87368082478,142439.63955538496,20906.76587456018,0.5688555027849024,-0.7805968058381217,0.44335826537144507
1.0,κ=0.000 vs κ=0.150,normalized_surface_area,23,651.2748137815279,616.5552850574686,-34.71952872405927,-2.5977953954197397,6.677348970285014,1.032067468971945e-06
