group,n,total_surface_area,salience_contribution,curvature_contribution,salience_proportion,curvature_proportion,mean_salience,mean_curvature
κ=0.000,5,155546.2596509736,155544.89177070232,1.3678802712724945,0.9999912059584438,8.794041556138007e-06,649.8331456532444,0.005752117645609621
κ=0.600,5,201191.97099811333,201190.02537148868,1.9456266247132856,0.9999903295016446,9.67049835568006e-06,597.2916915532453,0.006074375262914601
