gamma_value,comparison,metric,n_pairs,before_mean,after_mean,mean_difference,effect_size_cohens_d,t_statistic,p_value
1.0,κ=0.000 vs κ=0.600,total_surface_area_A_prime,5,155546.2596509736,201191.97099811333,45645.71134713973,0.7256529209050029,-0.3836052196989492,0.7207884068344599
1.0,κ=0.000 vs κ=0.600,normalized_surface_area,5,649.83889777089,597.2977659285082,-52.54113184238179,-4.741092752287521,3.7567199497817714,0.019831169621500357
