group,n,total_surface_area,salience_contribution,curvature_contribution,salience_proportion,curvature_proportion,mean_salience,mean_curvature
κ=0.000,12,125008.82918048602,125007.68119792489,1.1479825611255354,0.9999908167881528,9.183211847125566e-06,649.9822776654329,0.005953534580387192
κ=0.075,12,122864.95868616148,122863.782383935,1.1763022264481378,0.9999904260560614,9.573943938342991e-06,627.5699895617507,0.006013980241971941
