gamma_value,comparison,metric,n_pairs,before_mean,after_mean,mean_difference,effect_size_cohens_d,t_statistic,p_value
1.0,κ=0.000 vs κ=0.075,total_surface_area_A_prime,12,125008.82918048602,122864.95868616148,-2143.8704943245393,-0.05181948177702872,0.10054527881754793,0.9217206115510852
1.0,κ=0.000 vs κ=0.075,normalized_surface_area,12,649.9882312000133,627.5760035419927,-22.412227658020583,-2.268372271750388,5.282923520661534,0.0002591172186440562
