group,n,total_surface_area,salience_contribution,curvature_contribution,salience_proportion,curvature_proportion,mean_salience,mean_curvature
κ=0.000,41,116714.43699303329,116713.50360414575,0.9333888875426686,0.9999920027983548,7.997201645229053e-06,705.705349263126,0.005712984813968873
κ=0.300,41,108802.92307736709,108801.9564653224,0.9666120446949024,0.9999911159368025,8.88406319752612e-06,661.7883091059268,0.0058491930373764
