gamma_value,comparison,metric,n_pairs,before_mean,after_mean,mean_difference,effect_size_cohens_d,t_statistic,p_value
1.0,κ=0.000 vs κ=0.300,total_surface_area_A_prime,41,116714.43699303329,108802.92307736709,-7911.513915666204,-0.07046337498223114,0.31968762750598756,0.750868946050686
1.0,κ=0.000 vs κ=0.300,normalized_surface_area,41,705.7110622479399,661.7941582989642,-43.91690394897569,-1.765785908334968,10.731813764562505,2.422970593524577e-13
