group,n,total_surface_area,salience_contribution,curvature_contribution,salience_proportion,curvature_proportion,mean_salience,mean_curvature
κ=0.000,4,276053.97210609075,276051.821850804,2.150255286730733,0.9999922107431732,7.7892568265758e-06,679.2443746604023,0.005680071820613774
κ=0.300,4,223798.89505061042,223796.81574729024,2.0793033201995055,0.9999907090545747,9.290945425486961e-06,620.0525002716187,0.006000478307589925
