gamma_value,comparison,metric,n_pairs,before_mean,after_mean,mean_difference,effect_size_cohens_d,t_statistic,p_value
1.0,κ=0.000 vs κ=0.300,total_surface_area_A_prime,4,276053.97210609075,223798.89505061042,-52255.07705548033,-0.1804914271305593,0.22273912481387192,0.8380420655141931
1.0,κ=0.000 vs κ=0.300,normalized_surface_area,4,679.250054732223,620.0585007499262,-59.191553982296796,-1.5521571328650852,2.390833383090871,0.09666876834549586
