group,n,total_surface_area,salience_contribution,curvature_contribution,salience_proportion,curvature_proportion,mean_salience,mean_curvature
κ=0.000,21,117803.4439436688,117802.36190014401,1.0820435248135847,0.9999908148396298,9.185160370447198e-06,648.7705848994932,0.006067090344174219
κ=0.300,21,100036.63108745437,100035.61083217034,1.0202552840256023,0.9999898011830972,1.0198816902717078e-05,606.640140509128,0.0061643467478573995
