gamma_value,comparison,metric,n_pairs,before_mean,after_mean,mean_difference,effect_size_cohens_d,t_statistic,p_value
1.0,κ=0.000 vs κ=0.300,total_surface_area_A_prime,21,117803.4439436688,100036.63108745437,-17766.812856214427,-0.3079109005261225,1.2647157186850935,0.22051249392487182
1.0,κ=0.000 vs κ=0.300,normalized_surface_area,21,648.7766519898374,606.6463048558757,-42.13034713396178,-2.3373059593844028,7.336181894083709,4.3263804621128257e-07
