,total_surface_area_A_prime,total_salience_contribution,total_curvature_contribution,mean_step_salience,mean_step_curvature
total_surface_area_A_prime,1.0,0.999999999999111,0.9951980757626275,0.030673811444924166,-0.3898103924819679
total_salience_contribution,0.999999999999111,1.0,0.9951979452449237,0.030674915580816225,-0.38981108145938287
total_curvature_contribution,0.9951980757626275,0.9951979452449237,1.0,-0.05052429538578077,-0.3373630689351918
mean_step_salience,0.030673811444924166,0.030674915580816225,-0.05052429538578077,1.0,-0.07504991746151692
mean_step_curvature,-0.3898103924819679,-0.38981108145938287,-0.3373630689351918,-0.07504991746151692,1.0
