group,n,mean,std,median,min,max,sem,ci_lower,ci_upper,ci_width
low,55,8811.248607835221,3023.427065938179,8354.5693405071,4875.5772084294,17361.075274694493,407.6788224046328,7989.072091852443,9646.244581648467,1657.172489796024
medium,2,12023.006852872837,596.2195262410161,12023.006852872837,11601.415982791985,12444.597722953691,421.59087008085316,,,
