,total_surface_area_A_prime,total_salience_contribution,total_curvature_contribution,mean_step_salience,mean_step_curvature
total_surface_area_A_prime,1.0,0.9999999999995374,0.9975762493106116,-0.18307812396010495,-0.19537502242820426
total_salience_contribution,0.9999999999995374,1.0,0.9975761823812148,-0.183077441305707,-0.19537564118760692
total_curvature_contribution,0.9975762493106116,0.9975761823812148,1.0,-0.23201747488488425,-0.15014053489766535
mean_step_salience,-0.18307812396010495,-0.183077441305707,-0.23201747488488425,1.0,-0.026000227093741658
mean_step_curvature,-0.19537502242820426,-0.19537564118760692,-0.15014053489766535,-0.026000227093741658,1.0
