group,n,mean,std,median,min,max,sem,ci_lower,ci_upper,ci_width
low,60,10804.628992132084,4279.98607913219,10305.381748497177,5359.347890372293,33359.82664072777,552.5438268826183,9836.113243813774,11999.902931694542,2163.789687880768
medium,3,16127.40547853538,4385.53254796571,17090.612596756808,11340.332169812868,19951.27166903647,2531.9883971078684,11340.332169812866,19951.27166903647,8610.939499223603
