,total_surface_area_A_prime,total_salience_contribution,total_curvature_contribution,mean_step_salience,mean_step_curvature
total_surface_area_A_prime,1.0,0.999999999163031,0.9986424123761268,-0.7405312928329257,0.4517080189566812
total_salience_contribution,0.999999999163031,1.0,0.9986402803552215,-0.7405182336838194,0.4516961911100536
total_curvature_contribution,0.9986424123761268,0.9986402803552215,1.0,-0.7561515086416817,0.46615300463821785
mean_step_salience,-0.7405312928329257,-0.7405182336838194,-0.7561515086416817,1.0,-0.34995344713066245
mean_step_curvature,0.4517080189566812,0.4516961911100536,0.46615300463821785,-0.34995344713066245,1.0
