group,n,mean,std,median,min,max,sem,ci_lower,ci_upper,ci_width
low,39,1220.3497422761259,117.17853312531611,1190.3822609383892,1060.3166645256567,1700.687238036941,18.763582174945114,1188.7095963589245,1262.854112635519,74.14451627659446
high,9,2400.1017768232578,760.4306510504283,2329.519587988021,1256.667082679456,3584.710219215657,253.4768836834761,1923.0076342607283,2892.680902289721,969.6732680289927
medium,2,4228.315058588696,3403.5753007875514,4228.315058588696,1821.6238831227747,6635.0062340546165,2406.6911754659204,,,
