group,n,total_surface_area,salience_contribution,curvature_contribution,salience_proportion,curvature_proportion,mean_salience,mean_curvature
κ=0.000,22,117439.53978544101,117438.48481642162,1.054969019361015,0.9999910169179707,8.983082029173617e-06,658.2667440403828,0.0059229912942878
κ=0.075,22,181391.12003740214,181389.4832654491,1.6367719530266738,0.9999909765596424,9.023440357439647e-06,637.4896521109608,0.005979035241669991
