gamma_value,comparison,metric,n_pairs,before_mean,after_mean,mean_difference,effect_size_cohens_d,t_statistic,p_value
1.0,κ=0.000 vs κ=0.075,total_surface_area_A_prime,22,117439.53978544101,181391.12003740214,63951.58025196113,1.6066883563481464,-1.7506243044991845,0.09460757336652492
1.0,κ=0.000 vs κ=0.075,normalized_surface_area,22,658.2726670316771,637.4956311462025,-20.77703588547456,-1.2372094647668026,2.8539667617329028,0.009503623043313576
