group,n,total_surface_area,salience_contribution,curvature_contribution,salience_proportion,curvature_proportion,mean_salience,mean_curvature
κ=0.900,1,17820.11727543261,17819.936797412076,0.1804780205306889,0.9999898722316052,1.0127768394627892e-05,614.480579221106,0.0062233800182996
