group,n,total_surface_area,salience_contribution,curvature_contribution,salience_proportion,curvature_proportion,mean_salience,mean_curvature
κ=0.000,2,489389.8222011533,489386.21765313845,3.6045480148556273,0.9999926346077271,7.3653922728578e-06,710.8761130817729,0.00541285142845915
κ=0.150,2,402338.7642124449,402335.45831467974,3.305897765134294,0.999991783297909,8.216702090849734e-06,657.393892038685,0.0057958633573665
