config_basename,prompt_id,run_id,kappa_parameter,gamma_weighting_parameter,total_surface_area_A_prime,total_salience_contribution,total_curvature_contribution,normalized_surface_area,normalized_salience_contribution,normalized_curvature_contribution,num_generation_steps_included,mean_step_salience,mean_step_curvature,max_step_salience,max_step_curvature,surface_area_variance,surface_area_std,curvature_salience_ratio,surface_area_range,surface_area_coefficient_of_variation,kappa_condition
analysis-gemma3-1b-n50-lr1e-5-d20000-k0.000,control_computational_hallucination,run_16,0.0,1.0,686447.371172009,686442.614034843,4.757137165946459,754.3377705186913,754.332542895432,0.0052276232592818,910,754.332542895432,0.0052276232592818,842.5204936895009,0.007362597941934,4218.822273164489,64.95246164052975,6.930130893221312e-06,288.7388030549811,0.0861052756192596,κ=0.000
analysis-gemma3-1b-n50-lr1e-5-d20000-k0.000,control_computational_hallucination,run_43,0.0,1.0,292332.2732302976,292329.8212714339,2.4519588637647947,667.4252813477115,667.4196832681139,0.0055980795976365,438,667.4196832681139,0.0055980795976365,834.7136136553598,0.007362597941934,2441.937914003407,49.4159682087016,8.387645342170217e-06,304.5025892003389,0.0740397009069201,κ=0.000
analysis-gemma3-1b-n50-lr1e-5-d20000-k0.150,control_computational_hallucination,run_16,0.15,1.0,88638.05984702612,88637.19942532375,0.8604217023738723,615.5420822710147,615.5361071203038,0.0059751507109296,144,615.5361071203038,0.0059751507109296,753.5836261320886,0.0074488195855667,1677.6096676018194,40.958633614926896,9.70723023688008e-06,242.07307696523057,0.0665407529308343,κ=0.150
analysis-gemma3-1b-n50-lr1e-5-d20000-k0.150,control_computational_hallucination,run_43,0.15,1.0,716039.4685778636,716033.7172040357,5.7513738278947155,699.25729353307,699.2516769570661,0.0056165760038034,1024,699.2516769570661,0.0056165760038034,791.1922514460022,0.0074488195855667,2924.1459979388974,54.07537330374056,8.032266763013125e-06,217.90889439759212,0.0773325838769863,κ=0.150
