gamma_value,comparison,metric,n_pairs,before_mean,after_mean,mean_difference,effect_size_cohens_d,t_statistic,p_value
1.0,κ=0.000 vs κ=0.150,total_surface_area_A_prime,2,489389.8222011533,402338.7642124449,-87051.05798870843,-0.31236759888038007,0.17043495121241928,0.8925303948962746
1.0,κ=0.000 vs κ=0.150,normalized_surface_area,2,710.8815259332014,657.3996879020424,-53.481838031158986,-0.8702401853376067,0.6268834180549557,0.6435231433067163
