,total_surface_area_A_prime,total_salience_contribution,total_curvature_contribution,mean_step_salience,mean_step_curvature
total_surface_area_A_prime,1.0,0.9999999999996231,0.9979406631128412,0.0623194064265267,-0.17442461007359433
total_salience_contribution,0.9999999999996231,1.0,0.997940607445632,0.062320090543783,-0.1744250866062469
total_curvature_contribution,0.9979406631128412,0.997940607445632,1.0,0.011626766622006441,-0.13884404544161708
mean_step_salience,0.0623194064265267,0.062320090543783,0.011626766622006441,1.0,-0.16120988408533196
mean_step_curvature,-0.17442461007359433,-0.1744250866062469,-0.13884404544161708,-0.16120988408533196,1.0
