group,n,mean,std,median,min,max,sem,ci_lower,ci_upper,ci_width
low,61,9769.42988782187,4488.481485197536,8846.961123169818,4836.733701850336,34430.37460938084,574.6911650012636,8766.235580751967,11055.25169209348,2289.0161113415124
