group,n,total_surface_area,salience_contribution,curvature_contribution,salience_proportion,curvature_proportion,mean_salience,mean_curvature
κ=0.000,8,169915.15266523475,169913.60864444877,1.5440207859651023,0.9999909129894435,9.087010556422343e-06,661.0522192609034,0.0060097479499827
κ=0.075,8,140696.30088702223,140694.945340604,1.3555464182639094,0.9999903654437986,9.634556201675836e-06,633.0273183839989,0.00609875277147695
