gamma_value,comparison,metric,n_pairs,before_mean,after_mean,mean_difference,effect_size_cohens_d,t_statistic,p_value
1.0,κ=0.000 vs κ=0.075,total_surface_area_A_prime,8,169915.15266523475,140696.30088702223,-29218.851778212527,-0.30812400852329563,1.1350287473874638,0.2937288311768542
1.0,κ=0.000 vs κ=0.075,normalized_surface_area,8,661.0582290088535,633.0334171367704,-28.02481187208309,-2.185745134029505,5.8490997009027526,0.0006311779207046881
