group,n,total_surface_area,salience_contribution,curvature_contribution,salience_proportion,curvature_proportion,mean_salience,mean_curvature
κ=0.000,18,116455.11594955527,116454.05784455068,1.058105004579731,0.9999909140530585,9.08594694146429e-06,651.8949140866648,0.006053774702644872
κ=0.900,18,77096.21100390883,77095.38476740844,0.8262365003661842,0.9999892830466033,1.0716953396377593e-05,592.5308811923155,0.0063460807056827835
