gamma_value,comparison,metric,n_pairs,before_mean,after_mean,mean_difference,effect_size_cohens_d,t_statistic,p_value
1.0,κ=0.000 vs κ=0.900,total_surface_area_A_prime,18,116455.11594955527,77096.21100390883,-39358.90494564644,-0.6716471041754069,2.1806874395681417,0.0435456341125254
1.0,κ=0.000 vs κ=0.900,normalized_surface_area,18,651.9009678613675,592.5372272730211,-59.36374058834633,-3.0488043326697754,13.22779348062245,2.2362283624178358e-10
