group,n,total_surface_area,salience_contribution,curvature_contribution,salience_proportion,curvature_proportion,mean_salience,mean_curvature
κ=0.000,49,111180.55880092854,111179.66867616531,0.8901247632430133,0.999991993881189,8.006118811084615e-06,707.3195210196864,0.0057157947907943195
κ=0.900,49,18045.96501159806,18045.79789122763,0.16712037042790667,0.9999907391835061,9.260816493908704e-06,662.8851026596099,0.00633173424469956
