gamma_value,comparison,metric,n_pairs,before_mean,after_mean,mean_difference,effect_size_cohens_d,t_statistic,p_value
1.0,κ=0.000 vs κ=0.900,total_surface_area_A_prime,49,111180.55880092854,18045.96501159806,-93134.59378933048,-0.8910675463889246,6.409947336756971,5.911166470061374e-08
1.0,κ=0.000 vs κ=0.900,normalized_surface_area,49,707.3252368144773,662.8914343938545,-44.43380242062278,-1.7291687851863078,10.897427145678078,1.4102326412816594e-14
