group,n,total_surface_area,salience_contribution,curvature_contribution,salience_proportion,curvature_proportion,mean_salience,mean_curvature
κ=0.000,7,185072.42805104222,185070.70235494716,1.7256960950886107,0.9999906755635443,9.32443645583269e-06,650.2456105738007,0.006081182290900786
κ=0.300,7,135561.72088613224,135560.34337173754,1.3775143947200252,0.9999898384707299,1.0161529270324738e-05,609.9998783951379,0.006156940435571643
