gamma_value,comparison,metric,n_pairs,before_mean,after_mean,mean_difference,effect_size_cohens_d,t_statistic,p_value
1.0,κ=0.000 vs κ=0.300,total_surface_area_A_prime,7,185072.42805104222,135561.72088613224,-49510.70716490998,-0.5487960856595697,1.3410822228556736,0.22842884185355586
1.0,κ=0.000 vs κ=0.300,normalized_surface_area,7,650.2516917560916,610.0060353355735,-40.24565642051812,-3.659626749708944,6.189794345976001,0.0008186209874760423
