group,n,total_surface_area,salience_contribution,curvature_contribution,salience_proportion,curvature_proportion,mean_salience,mean_curvature
κ=0.000,20,112325.9801531968,112324.94989585709,1.0302573397002714,0.9999908279692882,9.172030711818813e-06,648.3467832959133,0.006064580418548995
κ=0.150,20,109307.7983044585,109306.71736096477,1.0809434937120148,0.9999901110121099,9.888987889969465e-06,618.9940989119228,0.006107907097468389
