gamma_value,comparison,metric,n_pairs,before_mean,after_mean,mean_difference,effect_size_cohens_d,t_statistic,p_value
1.0,κ=0.000 vs κ=0.150,total_surface_area_A_prime,20,112325.9801531968,109307.7983044585,-3018.181848738299,-0.052516628051945,0.18552820892131486,0.8547810139821053
1.0,κ=0.000 vs κ=0.150,normalized_surface_area,20,648.3528478763318,619.0002068190204,-29.352641057311416,-1.590572677644686,7.415376275754005,5.076185416155406e-07
