group,n,total_surface_area,salience_contribution,curvature_contribution,salience_proportion,curvature_proportion,mean_salience,mean_curvature
κ=0.000,16,133632.48244049886,133631.23314423155,1.2492962673082078,0.999990651253015,9.348746984959056e-06,648.5941672597487,0.006002803265470043
κ=0.600,16,152347.06278254604,152345.47820727556,1.5845752704666838,0.9999895989115803,1.0401088419593896e-05,588.323351156083,0.006105608702285513
