gamma_value,comparison,metric,n_pairs,before_mean,after_mean,mean_difference,effect_size_cohens_d,t_statistic,p_value
1.0,κ=0.000 vs κ=0.600,total_surface_area_A_prime,16,133632.48244049886,152347.06278254604,18714.58034204718,0.32271164367701516,-0.6688324661502515,0.5137648675025404
1.0,κ=0.000 vs κ=0.600,normalized_surface_area,16,648.600170063014,588.3294567647854,-60.27071329822866,-5.976064376054315,15.61517670713028,1.0992424475979411e-10
